{
  "name": "new_calibration",
  "sensor": [1, 1],
  "size": [1280, 1024],
  "animated": 0,
  "intrinsic":   [
    [500, 0, 614.668874, 0],
    [0, 500, 527.479001, 0],
    [0, 0, 1, 0],
    [0, 0, 0, 1]
  ],
  "imageCircleRadius": 5.120000000000000E+02,
  "polynomialC2W":  [-291.630265369031,  0,  0.000939403451257915,  1.43256517403295e-06,
    -3.96336085821908e-09, 7.18976101563156e-12, 4.60670380923631e-15],
  "polynomialW2C":  [432.369530,  215.266504,  -44.714138,  36.138109,
    19.152423,  -19.063185,  10.143698,  15.609481,
    -9.845174, -4.933322, 5.333398, 0.984883, -1.098085, 0.171683, 0.203421],
  "affine":      [9.997488697329212E-01, -2.240239372797548E-04, 3.318272123957599E-04],
  "extrinsic":   [
    [1, 0, 0, 0],
    [0, 1, 0, 0],
    [0, 0, 1, 0],
    [0, 0, 0, 1]
  ],
  "radial":0,
  "c": 0.999679022443621,
  "d": -3.408673842834450e-04,
  "e": -2.833547330408846e-04
}

